"","Quarter","United States","Alabama","Alaska","Arizona","Arkansas","California","Colorado","Connecticut","Delaware","District of Columbia","Florida","Georgia","Hawaii","Idaho","Illinois","Indiana","Iowa","Kansas","Kentucky","Louisiana","Maine","Maryland","Massachusetts","Michigan","Minnesota","Mississippi","Missouri","Montana","Nebraska","Nevada","New Hampshire","New Jersey","New Mexico","New York","North Carolina","North Dakota","Ohio","Oklahoma","Oregon","Pennsylvania","Rhode Island","South Carolina","South Dakota","Tennessee","Texas","Utah","Vermont","Virginia","Washington","West Virginia","Wisconsin","Wyoming"
"1",2006 Q1,0.0321310679571822,0.0177331568484154,0.0407051624231383,0.0538787769784173,0.027590729586628,0.0507605627474457,0.0224473189590624,0.053826958158955,0.035835494740365,-0.00174297269281465,0.0348952121901547,0.0142657318027326,0.0284648800076781,0.0416135182213444,0.0256370073665797,0.0232232513144723,0.00860895579235987,0.0412115824720787,0.0387894697467928,-0.0047792451518176,0.0126431338057946,0.0278209285845024,0.0250944211540141,-0.0202188268101607,0.0123232253079719,0.0191812279533818,0.0120091715002761,0.0136239992581373,0.0331162465665673,0.0493252034836786,0.0207422218481834,0.0190603439207289,0.0154919766484372,0.0540559255141113,0.062471554646615,0.0237701543507751,0.00506154977512163,0.102225724837792,0.0574622081353617,0.00116051545650531,0.0212170580128077,0.0260251456729614,0.0106564721949336,0.0267933911265628,0.0468116850464093,0.0771329039042987,0.0145941951640052,0.0366755635407341,0.0417837647547832,0.0161701485113339,0.0225575138182146,0.067674921159472
"2",2006 Q2,0.0297290385562021,0.0128382476994446,0.0597813763546111,0.0404504119552407,0.0372743161883478,0.0392564860635363,0.0135939708391335,0.0403486823425867,0.0788759840985267,-0.00639570604108086,0.0321303861042663,0.0115064410545913,0.0309535531220393,0.037403498567907,0.0260032912407047,0.0183016220250836,0.0145705301900394,0.0488341124412202,0.0289139505301752,-0.0174404888197833,0.0124028165745356,0.0168528274856135,0.0276195485686297,-0.0206122610625739,0.0185294221591565,0.0339553067402205,0.0109350483379638,0.0320514315476885,0.0592689044239287,0.0318571417296527,0.0134925462417728,0.0241108766337255,0.0179791197590653,0.0359561256173402,0.0722517156840927,0.0476559865092749,1.86762896963177e-05,0.05211131391254,0.0534383851990967,0.000614606983101451,0.0318949645750801,0.0223128302328406,0.0273791434520794,0.0322688570088709,0.0686792338107907,0.0797727853014085,0.0122782146645202,0.0238757931325917,0.0343303640896526,0.00738710412660915,0.019386761266289,0.0928294591261289
"3",2006 Q3,0.023252779374245,0.0156327411032096,0.0800907215935915,0.0348749113025144,0.0240504287207715,0.0317714011916033,0.0249971592409794,0.040617343564169,0.0739949950998244,0.00956720194486227,0.0169908579100004,0.015692914339513,0.02993200253624,0.00122152211988258,0.0196392317152028,0.0155394905749611,0.00195554831038836,0.0398136262793076,0.0163321189790693,-0.00916762066174015,0.00346463721137802,0.0031003791411035,0.0127449893354603,-0.0177231200058058,-0.0158052837316682,0.0285998370324383,-0.00120813838955935,0.0407453198117858,0.019711628513883,0.0339650832189242,0.0187571627037213,0.00695941492770702,0.0333279695148543,0.0157740324999265,0.0616174078446214,0.0482907344992913,-0.0103251419383783,0.0452862707542834,0.0477378826413974,-0.00183751740440263,0.042486481655271,0.0183267934975349,0.0184883102473337,0.0146458638785252,0.079572550893642,0.0759815004190341,0.00317130870249427,0.0111272221367584,0.040531339525443,0.0170861157957227,0.00955236510824875,0.171020110099989
"4",2006 Q4,0.0263456037634382,0.00817863254992246,0.101741758904134,0.0488631664541148,-0.00157015774100011,0.0318946944538061,0.0336434718639225,0.0399793161636073,-0.0561857173355806,-0.00272344025119642,0.0345288252763829,0.0141542326257416,0.0178333834359425,0.0152700708949676,0.0289781912004565,0.0236716772241825,0.0290957197059367,0.0725609865425405,0.0112076917387125,-0.00731319992136692,-0.00176828781875704,0.00471033868497295,0.0290615440086117,-0.0227142034483375,-0.00787224419418686,0.00329008267025777,-0.0045543662670392,0.0377110383404902,0.00589227937795211,0.0343115204201783,0.054308032711337,0.0148150275380299,0.0380923549821857,0.012421291573294,0.0602370328191209,0.0533891950598688,-0.00987249481380403,0.0572557887431386,0.0428299791795073,0.00198517113303764,0.0140047140395938,0.023249611892145,0.0077816977100007,0.0178716829864083,0.0908039429116452,0.0748793996050465,-0.0110804639817067,0.0117293671297516,0.0368627289622208,0.0190153467010195,0.0206654285700125,0.186325483399599
"5",2007 Q1,0.0157672497001469,0.00425975518082744,0.085599104241104,0.0332516094195372,-0.0232678941997013,0.00605155221474707,0.0220322156748674,0.0386634012388285,0.00123949586002525,0.0140879070658824,0.0138854308186689,0.0176829467430133,0.0189076056452322,0.00458403012785902,0.00851999760382904,0.0157681517713579,0.0398179874774245,0.0524959606541076,-0.0132270198601465,-0.0507661869824709,-0.00950384580051944,0.00108338470202352,0.0225476842772214,-0.000198647589079837,-0.010083378932991,0.0184759427330892,-0.0137565786834085,0.0564445833682761,0.0374827633360371,0.0142088450674724,0.0109898232900101,0.000567299870321225,0.00970895838514907,0.0276378479560915,0.0245361763445984,0.0493799895840887,-1.52540345206287e-05,-0.0271193384426798,-0.00130431210568216,0.0330362708049641,0.0168521021061121,0.0130201310681066,0.0507790032074387,-0.0116993647078918,0.0578069062821311,0.0541796137942108,-0.02347137645242,0.00636053981232099,0.0294612109210453,0.00300687472957817,0.00824726203478354,0.12419227237817
"6",2007 Q2,0.0193437472001814,0.00795675476787894,0.0702402918328742,0.041423624436884,-0.0289177759726947,0.0209812017342677,0.0423788536315706,0.0407942687089622,0.00674667109797755,0.0217941416609992,0.0176025998637055,0.0146674673812901,0.0133949173150776,-0.000480797439223912,0.0132175804304111,0.0319264571141573,0.0484663493515265,0.0537638674892928,-0.0103311869934691,-0.0571302185288871,-0.00143854298519275,0.0109072714636154,0.0263965661980605,-0.00093241292454771,-0.00206028713083262,0.00457895901921179,-0.00271598668129258,0.0567540423822437,0.00282120985569501,-0.000664805042575045,0.0336632595728743,0.00453507132588538,0.0139360286730563,0.00919820884440203,0.0134992398482165,0.0385249332002704,0.000845557507676897,0.0239724045484582,0.0193550515689112,0.0303319224358001,-0.0229930940880604,0.0303278635909441,0.0442108355887765,-0.0126264099654138,0.0620971750093215,0.062866705312665,-0.00900625962170987,0.00975869257547157,0.0580874038521639,0.00458743538721262,0.00914185089615738,0.0928856440132322
"7",2007 Q3,0.0236803607730665,0.0157408380237649,0.0575411972132929,0.0405976946371598,-0.020067969487705,0.027714317134383,0.0366217235824204,0.0390073501299002,-0.0122410724291347,0.0393886527262453,0.0227333436509829,0.00740948819354204,0.0212605612873094,0.0289778363659363,0.0155511926564362,0.039273322313373,0.0538472613454486,0.0583148715635682,-0.00264812051632968,-0.0523230136181848,0.008992002835708,0.00369490534871009,0.0428851105007824,0.00439721358045309,0.0147179560996999,0.0205420219302257,0.0154138168930726,0.0446236145797425,0.0251085101245159,0.00900450801873931,0.00833657517874609,0.0133179788652174,0.0169446387867025,0.0135038713728071,0.0109473324198859,0.0556791864512038,0.00806994618030421,0.0507392550766441,0.0256314388291523,0.0363643798402189,-0.038458966414206,0.0436523539371374,0.0325674135966578,0.00180074654678863,0.0521635934291229,0.047465341856652,0.00299454176705183,0.0191569929522457,0.072858938820382,0.0122864178601712,0.0123706818529916,0.0538672892065548
"8",2007 Q4,0.0213336468245788,0.014056077784639,0.00675768775632601,0.0224480634254864,0.0425860744184257,0.0365822102718483,0.0561378406479109,0.0154519898261651,-0.0122399256053805,0.051032008061713,0.00308711005068529,-0.000873522180123154,0.0286448400084764,0.0379194575646364,0.014005038718498,0.0425728747032885,0.0411759136346681,0.054347707584258,0.0146123043907371,-0.0489132339266927,0.0050711897817024,0.0072173348575284,0.0341152420109021,-0.0101732303845308,0.0233452513795329,0.0256620407490389,0.0258035734592017,0.0424800406676766,0.0362427304452704,0.014263837179181,-0.0225788147649402,0.0219122692516831,-0.00265597099966808,-0.00780229119529607,0.0127498691056438,0.0655709447489299,0.0101118938652538,0.0488622608306462,0.03509973470741,0.0472568933605428,-0.0368266344229485,0.0409955820187102,0.0410873994961003,0.0109541808776459,0.0364241763647144,0.0325165118734234,0.0129233893792862,0.0206272502686475,0.0762968103200368,0.00762851972870582,0.00797255493227711,0.0449050805968596
"9",2008 Q1,0.0139247120551853,0.0128920672509589,-0.0238772601065188,0.0165294497924322,0.0115446254834468,0.0250904705824384,0.0287796952948893,0.0327917944578866,-0.0359316833048291,0.0550672440392579,-0.00596715050858487,-0.0154219966458732,0.0267586097044592,0.0352187099089181,-0.000881029718856841,0.0400120551456362,0.0191379079825753,0.0385938201808862,0.0252841698210833,-0.0161060453192717,0.0182120182457441,0.0267679528947278,0.0384818480477749,-0.0363288155386469,0.0339281965847564,0.0317264019215944,0.0436474007149339,0.021753040566546,0.012741788619522,-0.00615645085516547,0.0143714848143983,0.0492576610507356,-0.0130674992913992,-0.0319155636814722,0.0317810807109808,0.0847805806579283,0.00860015017740356,0.0309882484790052,0.0529685188977955,0.0290856044471266,-0.0285178492635471,0.0258719496156417,0.0578720413812226,0.0332688489450621,0.0126428521590776,0.0149612164566528,0.0435408631518612,0.0116645444137522,0.054082635337096,0.0101802347452618,2.84153225122985e-05,0.0395371832903135
"10",2008 Q2,0.013760107660276,0.00941510116162414,-0.0602345964434452,0.00311064925688398,0.0235857903902106,0.0332630919980375,0.0237168153086378,0.0252816243602383,-0.047706806523193,0.0469947799611112,-0.0175759410816345,-0.00716666659894105,0.0294253911308044,0.0521891698422714,-0.0010643076357989,0.0218890569642929,-0.00307703977762119,0.0419933341700485,0.0262026303623661,0.0107837142755816,0.005918833134819,0.025745469863024,0.0374817619306869,-0.0454635148295415,0.0193421941731013,0.0427237504407119,0.0470015824078271,0.00393219984603843,0.0237530669699644,-0.0189286137981092,-0.0128519072653152,0.0353446128323425,-0.0177067084424032,-0.0130943972236215,0.0478901999133825,0.0794055741373914,0.0126728183573543,0.0388192941157914,0.0415694734938872,0.0489351851132556,-0.0186117155926633,0.0149756091482827,0.0409798343733683,0.0305678645806469,-0.00822985727472214,0.00657459065062826,0.0375397775876818,0.0195283011205598,0.0314150639177355,0.016879976322989,0.00111540464344184,0.0281933855151153
"11",2008 Q3,0.00265967272128687,-0.00568807592507592,-0.0200914090883022,-0.0207393900008244,0.0150898856646529,0.0192864070222287,0.0126471446638778,-0.0117678102158336,-0.0254839384589995,0.0206041502495402,-0.0399099591531206,-0.0132474454405989,-0.000957491035701308,0.0443697489865968,-0.00826624246640184,-0.00782738331557542,-0.0214595009201829,0.0316375611688997,0.00245757652268797,0.0222206964029765,-0.00582800990943966,0.0246944792820343,0.0112247733834769,-0.0692102586249348,0.0290339158089339,0.0123744969481909,0.0206004199338921,-0.00207022625293785,0.0115858722624613,-0.0293281939164947,-0.00638876624525231,0.0247506598999967,-0.0158433903390606,-0.00919441283992473,0.0420214547559978,0.0837954764107873,-0.00628664845601379,0.0274010172050341,0.0228503006372895,0.0288570631109026,-0.0241028311375195,-0.00873692600651488,0.0455559588626739,0.018756387337272,-0.00981377895856372,0.00259252477524763,0.0282139319011496,0.0126138873099919,0.0170801358425428,0.0214145354924768,-0.0140150699825121,0.0396055127070425
"12",2008 Q4,-0.0254115368842125,-0.0371259951264729,0.0894802625355493,-0.0546809712319849,-0.0607628746214335,-0.0331662013830536,-0.0200423297376947,-0.0569947717398704,-0.0290549217648485,0.0182406068857108,-0.0685894237357113,-0.0484627951577388,-0.0333102432442177,0.00271615469872577,-0.0438946312274731,-0.0554754574064145,-0.0521670933819962,-0.00925523804008976,-0.0373558846557744,0.0320728873952978,-0.0303862552882752,0.000186916167351336,-0.0210699468990971,-0.0786689954635548,-0.0149415169949709,-0.0218583476787777,0.0218997995062356,-0.0239339836655272,-0.0442555081452342,-0.0713703553932462,-0.0363678786052268,-0.0198646967068019,0.0298973918363308,-0.0214246291610622,0.00218470258636572,0.0602119099757055,-0.0489944574842341,0.0623176346376033,-0.0241471484906887,-0.010440292899196,-0.0177862190621517,-0.0490349488506862,0.0122232533474744,-0.0310160285513769,0.000574997067361194,-0.0276992713950033,0.0101099392387571,-0.0046269924245318,-0.029840198765874,0.043173750084335,-0.0373590004841495,0.107881790586511
"13",2009 Q1,-0.0323422729307832,-0.0452076941494154,0.159233451630378,-0.0840567898321906,-0.00223644854445293,-0.0216741376972738,-0.0117672184497364,-0.0793061681117757,0.0425137957213866,-0.0112097042263953,-0.0692463610560655,-0.0452687817801832,-0.0401526003071656,-0.0178831446732002,-0.0367294586134266,-0.0945926221837875,-0.0622769763979401,-0.0427066350200903,-0.0549086228593982,0.0364559282696613,-0.039021885842518,-0.01705766401395,-0.0260101052173266,-0.120829268783035,-0.045848362770244,-0.0376296034716256,-0.0181874633713633,-0.0317641934762392,-0.0119386941053629,-0.0814019343173606,-0.0372348462270992,-0.0561516080630131,0.0412942841708663,-0.0146407956188315,-0.064448580218221,0.0341910040132731,-0.0555248351207641,0.0299114283590818,-0.0375672961288293,-0.0222022761630843,-0.0353694561747854,-0.0528819643417056,-0.0158937105283969,-0.0382119084596183,0.00357137101423532,-0.0111618818059225,-0.027433385281729,-0.0106782530409341,-0.0299534018174042,0.0420445722501797,-0.0523461206736736,0.0886104721691716
"14",2009 Q2,-0.0397883740531871,-0.0483694081992442,0.169715466418972,-0.0995261296918848,-0.0610079114885931,-0.0545802726179816,-0.0365990711206918,-0.0761977234202226,0.0523394968318371,-0.00197517124467661,-0.0754430329425692,-0.0500871679987951,-0.0477071537009683,-0.0603913060323118,-0.039456519246485,-0.100655472885128,-0.049280278438789,-0.0562865780785141,-0.0739714492467601,0.0129137447746235,-0.0339430121219138,-0.0194732281612207,-0.0337273242193096,-0.107061805716347,-0.0505952045751255,-0.0518507327662566,-0.0429310430752362,-0.038921851000736,-0.0315283883080468,-0.088889914644826,-0.03335386634815,-0.0655115191921568,0.0283116278277267,0.0392785385977095,-0.05919215100693,0.0197580216706441,-0.0737851896093331,-0.0106418782136929,-0.0560538561068979,-0.0506049730029492,-0.0187166936978684,-0.0653383645945707,0.00979240109674895,-0.0512172583812047,-0.00373300833748913,-0.0333959689473224,-0.0349810864023269,-0.0127539266204064,-0.0345392799824856,0.00680346476949567,-0.0499529725653163,0.00889580922252353
"15",2009 Q3,-0.0313281570068639,-0.0369878295744116,0.0947565996609347,-0.0960235524920852,-0.0492477101463984,-0.0560416378117669,-0.028907040287534,-0.0398241581632003,0.0598724535308117,-0.00742000905946294,-0.0644767786492537,-0.0443415060653441,-0.0403168860690029,-0.0517684668331155,-0.0303726023335675,-0.0747527530390368,-0.0129609780774028,-0.0444440244253126,-0.0478329142692657,0.0146706184614869,-0.0159047117416844,-0.00793360340050275,-0.0132892234587255,-0.0796253409523068,-0.0561413104351236,-0.0411634122475208,-0.0215042063235937,-0.0222440036351698,-0.00363229618837779,-0.0930862821730248,0.000783580415816498,-0.0504720819596878,0.0231250239593739,0.0457057140654897,-0.0368641757001035,0.026986913636788,-0.0586520796517731,-0.0121181367231545,-0.0531784647506689,-0.0451437660253804,0.00170489430751686,-0.0512769731160833,0.037896110869384,-0.0519004018946702,0.000768762522530553,-0.0304299827537694,-0.0234570915714173,-0.01015538015304,-0.0411710693930882,-0.0187004999157445,-0.0304941033039492,-0.040317480394637
"16",2009 Q4,0.00105572523482977,-0.00323154139573389,-0.00705701961001648,-0.0479219154369548,-0.0203083792172462,-0.0155826627539596,-0.00966412721153631,0.0256054954014879,0.052910273130035,0.00107772545654727,-0.0190194569783969,-0.00733984949192223,-0.0122509812905486,-0.0322493927740107,0.0112163194906993,-0.00697500596016676,0.0346404723730047,-0.00100472303320609,-0.00172691599016273,0.0174359885478645,0.0182796617408387,0.0226488097907827,0.0184522522078547,-0.0313908210379144,-0.00699425673510612,-0.0176094933104279,-0.0287352964835728,-0.0124245488619277,0.054813660730586,-0.0617964197793842,0.0322953973870246,-0.0140523907804188,-0.00984392761246267,0.085571611039438,0.00702120545680729,0.0265652504372447,-0.0127530829136497,-0.0580922964563395,-0.0233476828736834,-0.00105328877972677,0.0169073209967001,-0.00375808888096918,0.0606687685742591,-0.00800340512003728,-0.00561990165825133,-0.00542465482409249,0.00633719936024457,0.0168407291913386,0.0038701210188743,-0.0329267940272712,0.00937174827894482,-0.145232621439594
"17",2010 Q1,0.0174526584491033,0.0128621935166313,-0.0685934304533155,-0.018185411225093,-0.0241167437436568,-0.00115312378354371,-0.00651030663706076,-0.00386276263824092,0.00692924233667824,0.0328903535854534,-0.00529031029572857,0.00725673568110041,0.0127884816119279,0.00120220780790459,0.0111068259338807,0.0599718576918662,0.0379950780138705,-0.00757458463152572,0.0208610040194277,0.0401118056327605,0.0257887507690611,0.0460756128380697,0.034300236717727,0.0364714408288149,0.0167001823152211,0.00108758254987995,0.01882196894111,0.0242156478944129,0.0277434236060417,-0.0246447919932355,0.0296216736087216,0.0169674548927512,-0.0153574727588728,0.0823839317310224,0.0342921574525135,0.0434004737346081,-0.00104140652494811,-0.0297260698611586,0.00868466487371311,0.0147693514503384,0.0336936314122627,0.0143039795429121,0.0112161935660149,0.00858816938960261,0.016824591072361,0.00340366563785155,0.0288400038104051,0.0318993643338981,0.0206198353074165,-0.0336657734752505,0.0333342352929993,-0.12340960568661
"18",2010 Q2,0.0291359502911801,0.0246126282418666,-0.0312575402355975,0.016552279377454,0.0439356664570307,0.016999598427196,0.0125256103409259,0.0138863009402963,-0.0334373147026218,0.0392311881645304,0.015221856716328,0.00904349789348413,0.0186051646903111,0.0256372194898287,0.0194664004678284,0.0825746811224275,0.0430232588159665,0.012201737088303,0.0593088084020528,0.0621968075694193,0.0266739705391457,0.0501257196533997,0.0495039342672419,0.0631620436636773,0.0340182445655748,0.0130960962100233,0.0272818414279632,0.0424287047548222,0.0539391040516903,0.0135496926719345,0.0559265226272332,0.0225011761852616,-0.00365416246441652,0.0503320882963409,0.024058689499356,0.0817673116620152,0.0235867463471562,0.012084424079585,0.018434210279862,0.0356746802162491,0.0331133279715481,0.0310506216472695,0.002642694141612,0.0191484604797072,0.030938609703596,0.00925421758614897,0.0538422631863138,0.0367657626672848,0.036046879819166,0.0055673147295523,0.039005361997501,-0.042531282713549
"19",2010 Q3,0.0334420925377923,0.0393863573933719,0.00229891414560401,0.0377929357933535,0.0542363585500163,0.0250185028635463,0.0174284981659667,0.0144925781579575,-0.0308214195028289,0.0446428339915106,0.0275875755602641,0.0205181372629371,0.0395674679530611,0.027073600993107,0.0287617094733736,0.0862397341033447,0.0299463259742452,0.0273302561363802,0.0695994454649898,0.0625489762869955,0.0240529398413973,0.0497270657633062,0.058629367312925,0.0828666788366024,0.0476181782529024,0.0210797380145462,0.025393709557159,0.0367723631833532,0.0472511645745608,0.0384145549994952,0.0291504599055117,0.0194889109733669,-0.00288948544677925,0.0221246901781231,0.00967544068179627,0.0772724645101617,0.0360260263417085,0.0159478432109819,0.0300026813922152,0.0512548232530059,0.030396894456393,0.0335819288856476,0.0117226000668971,0.0265313754139505,0.035944320162729,0.0269959639288102,0.056775523305908,0.0387267503697861,0.0425497528837921,0.0483469590142001,0.04217877446634,0.00444318276866307
"20",2010 Q4,0.0277596090931247,0.0314441447032869,0.00505874582546495,0.0344404861127363,0.0433287752583189,0.0412201987767129,0.0307730069878425,-0.00560280522219492,0.00649024559862377,0.0473464947948803,0.0173314971939644,0.0283960553800644,0.0376928771478926,0.0345610222389254,0.0194305414644222,0.0513442927174277,0.0136761913534109,0.0233470867159598,0.0438185190129401,0.0273428734395056,0.00456505326734336,0.0483740902355358,0.0480252086533102,0.0572730816657501,0.0525634351011719,0.0161279745753933,0.0172337181262301,0.0463179966421712,0.0295498730935764,0.0398251198080197,0.0248613269333602,0.00273424436121061,0.0172434708385072,-0.000445825354606244,0.00389723491821847,0.10028817333337,0.0348541646690073,0.034008884581213,0.0286222140680679,0.0323928294730602,0.0182713213571124,0.0231879107031787,0.0244492190394083,0.0206986709777075,0.0330053282476861,0.0454257506946909,0.0398495313681784,0.0285012861537024,0.0303100818236426,0.0343751556330263,0.0351143416171613,0.0301673772303805
"21",2011 Q1,0.0203779719961332,0.0192833570274555,-0.00164439798246496,0.0383334640253157,0.0375972601098788,0.0255826592558628,0.0224759036798692,-0.0219894247521322,0.0126413125398572,0.029759505688995,0.00474522852718473,0.0259379681099101,0.0236555135911485,0.00735266896410747,0.0303020647206638,0.0202494155464177,0.0196631326606351,0.0396330408554781,0.0293108280205681,-0.0282239184208071,-0.00225295984489693,0.0270011987347905,0.02114361872202,0.0586427330478936,0.0358850355385529,-0.000677347405532824,-0.0115947342685611,0.0269050524426551,0.0716853171893315,0.0237090457178899,0.0120173450253309,-0.0215722026528633,-0.00963586243692049,0.0144963682212143,0.0094977556737581,0.0904785288585128,0.0313862552412789,0.0212592304199977,0.0301798514234655,0.0183704441390125,-0.00526174991594952,0.026948808358134,0.056855336772506,0.0186880929228297,0.0292010932690587,0.0341813759376546,0.0295063969656988,0.0154688739476037,0.0301908052220377,0.0251319710484719,0.0275337691988671,0.00224990808775916
"22",2011 Q2,0.017437088645502,0.0100774072672429,-0.00855955910370909,0.0273627615314571,0.0167876712632171,0.0260325478602796,0.0241629247966313,-0.0196282558430547,0.0524437805991202,0.0205112148515911,0.00361058313800022,0.0235682141251292,0.0177233762714553,0.00827691565490074,0.0273446471117185,0.00290014535110883,0.00793499529085895,0.0400028301245745,0.00555922760965033,-0.0541261558021722,-0.0126620058124508,0.0262970851886999,0.038167376532652,0.0227244314346073,0.0402245499756777,-0.007078474547075,-0.0111221763280428,0.0228785112077539,0.0500641811494917,0.0257719003423629,0.00382803017196176,-0.0112746755371852,0.00435052069878838,-0.0111756211378135,0.0162518258053255,0.0919797567477507,0.0293959944801379,0.0244792025337168,0.0366101528664764,0.0169300722202321,0.00903833346129601,0.0301935424970237,0.0665470596353417,0.0295839368971074,0.0374877647673939,0.0496551922716999,0.0243669110708273,0.00750179435550025,0.0156648378587529,0.0271257223873105,0.0232233357879801,-0.00989110081923461
"23",2011 Q3,0.00942653464567234,-0.00347774013704094,-0.00400605506578344,0.0205715536585571,0.00493878455970798,0.0184779395747541,0.0147755550574604,-0.0263345543454832,0.0566705916985575,0.0183926647769299,-0.0125603409233727,0.0184795415567247,0.000636095831486827,-0.00580157284965688,0.0127605869638938,-0.0112788382895327,0.00997188018470641,0.0189285011916696,-0.00944517506161602,-0.0716246535465387,-0.0220242240000529,0.0204718737206846,0.00707331419416279,0.00311683131108365,0.0165819743076536,-0.00890187519287555,-0.0149434396417266,0.0165195575696842,0.0384966424518827,0.00283956164223742,-0.00220343158270098,-0.0166260872689061,0.00297080258088456,0.0024698030934851,0.00103148093089089,0.112596590212192,0.022961131736843,0.0382507422502054,0.0158783973440972,0.00849288367376122,-0.00492348329804337,0.0176837242659467,0.0434090723749028,0.0332833390747638,0.031245088906966,0.0333693947864235,0.0090932925776479,0.00193085135955928,0.00911705419642361,0.00256214953015887,0.0178114115075954,-0.0210754750309117
"24",2011 Q4,0.0154307587160654,0.0128924635090855,0.0432836483994934,0.0295774231215664,0.0206335286315456,0.00282903483988184,0.00450122013410947,-0.0102131963791184,0.0434193798021114,0.00616738712638054,-0.00762197553753041,0.013860730402808,0.0130946316818097,-0.00468300110086062,0.0190027723439463,-0.00137939632432538,0.0357739709795417,0.0125251056803666,0.0111422732583857,-0.0384312488904898,0.00183375614383463,0.0119504311877556,0.0232437740501668,0.0322697932500893,0.000865983656296754,0.00841580315363477,-0.00290166468188624,0.0337221415124749,0.063070472042333,-0.00327036515737889,0.0147113314987874,0.00424084727957785,-0.00508665306467593,0.0189334879437868,-0.0085838532104815,0.177626575945568,0.0328934611910441,0.0614407176842735,0.0329922593622849,0.0143040493405184,-0.000587002245150514,0.0194512513937621,0.0846718079872366,0.0388763568043793,0.0443872429626209,0.0197587874973471,0.0372874404416688,0.00779211191779172,0.0255798606364981,0.0209579149660286,0.015262425032416,0.00795518121412297
"25",2012 Q1,0.0263806931088626,0.0226726049206443,0.0754057576116574,0.0328666159486211,0.0234368167140704,0.021340540422786,0.0171410791201883,0.0150338614003127,0.0295041234782063,0.00818657329922678,0.0109069561541117,0.017819125691515,0.0144735679728949,-0.00787902319925726,0.0366781931965419,0.00978713776713569,0.050847999488483,0.0603252870381283,0.0292865632712798,0.00549672896812692,0.00188928328472615,0.0188692844294398,0.0362432336541476,0.0250059140925676,0.0284250106228605,0.0376348050337296,0.0188140413814288,0.0270786373987124,-0.000277522671959129,0.00603841086648216,0.0141600354829929,0.0318106888286309,0.0207948228433283,0.0128355674754601,0.0163442850838389,0.237097698957383,0.0221724560840704,0.0824643883484326,0.0159449007672903,0.0295563556259995,0.0272056431903214,0.0255569228778063,0.067542367055103,0.0433603778636327,0.0504391670955076,0.0295098056423397,0.0260782701424844,0.0114481566842026,0.0385224415464791,0.0270661778634547,0.0335482617863685,-0.00221385818391295
"26",2012 Q2,0.0240333583913792,0.0227590091382268,0.0849284763493878,0.0328101489066925,0.0197291264047734,0.0216153866059885,0.0212068641962069,0.00652070458967846,0.00445055811491191,0.00905132775051465,0.00132626834227723,0.0208802220370894,0.0225477093163862,-0.0110861774458251,0.0279599194140094,0.0155075943733192,0.062737709114953,0.0232129397556116,0.0300065624849943,0.023949091150766,0.0105783471501453,-0.000232885807677996,0.014114628155695,0.0296818672794918,0.0104514409923875,0.032812342366211,0.0153749944469315,0.020255976794886,0.0116501067216803,-0.0169118000315711,0.00023477714492004,0.0222399760177705,0.0153750200080585,0.0387834025930609,-0.00334274873886931,0.274224002288657,0.019273798031411,0.0641203927825014,0.0126290254682659,0.0223369659974169,0.00270915432270247,0.00749769561272484,0.0487530148467281,0.0421613062813821,0.0487545021755402,0.0139043293205856,0.0236669906262763,0.00852747847459989,0.0411788206473234,0.00990128749505059,0.0272180071886048,-0.00274000170282584
"27",2012 Q3,0.0257371231448802,0.00746993600319446,0.0648754660673427,0.0234480418469458,0.0122246118247105,0.0301551694559903,0.0180842687822225,0.0080072193288645,-0.0209833654175638,0.00664492584071041,0.0188841662256649,0.0179244938478189,0.030036421994925,-0.00437017213551372,0.0248305470239059,0.0128443648927146,0.0459200784410334,-0.00795524868925324,0.0235953465147303,0.00870556516968635,0.00215460746062424,0.00622586549005422,0.0305613176773407,0.0283141608223609,0.0225114030008431,0.020683232442958,0.0112368194313379,0.0245024703329177,0.00391496724211082,-0.0102167439927983,0.0126223497703044,0.0314869473523085,-0.000865019493241803,0.0514406284143616,0.0140981435881777,0.253667824201668,0.0112458385615593,0.035424103204851,0.0179576808553981,0.0198813188037779,0.00772511266530618,0.0128450131460722,-0.0122137211080645,0.02991286936352,0.0500849622570811,0.00975840286871787,0.0130354053523107,0.0105631276003118,0.0487317499470872,-0.00878326400849605,0.0110496506906499,-0.0304172316194856
"28",2012 Q4,0.0155185200733245,-0.00677640272761848,0.00316544413807307,0.00322697652312032,-0.00731418976801568,0.040918909233038,0.0192843187027891,0.00254188440342173,-0.042318003309601,0.00650033114124082,0.00882971306219305,0.00840184613114681,0.0118440950759915,-0.0210322195704058,0.00659906387044629,-0.00884156685963688,-0.00333303695800358,-0.0141837154464769,-0.0044425001972993,-0.0184063243810074,-0.0309750962293434,-0.00900614869874128,0.00953063955536071,-0.000361289141815213,0.0129166229839091,-0.00963107170715005,0.00286843421304073,0.00176011785333419,-0.0167102287480986,-0.0162529653256208,0.00676369621633088,0.00413018400499254,-0.0253540832626874,0.052436207983932,0.00546455786768507,0.16829521122931,-0.00882353988576823,0.0196888104703992,-0.0162599762956392,0.00272873454224198,-0.00428177751436865,-0.000467051739754809,-0.0155534318370547,0.020899101238139,0.049766921543227,0.0141528560120394,-0.0318973452858281,-0.00150105564314362,0.0165247170920855,-0.0299918616809133,0.00138127830415824,-0.0508798475251991
"29",2013 Q1,0.0170086848570941,0.0141637565908261,-0.00496619610699978,0.00598010472933042,0.0194877833885534,0.0250990348679361,0.0379120001419926,-0.014793372763118,-0.0594456246107307,0.0104940768282402,0.0212935137945551,0.0212922128025677,0.0306215095871503,0.0175758727540956,-0.00315812807305094,0.0257733420284101,-0.00422878004259197,-0.0376580204804625,0.02716961991635,-0.0303436869498064,-0.00443362834833061,0.00273105745212332,0.00890686335494983,0.0193400674857243,0.0125316815678136,-0.00307843682098319,0.0161127715663067,0.0109866116848389,0.0174339924500184,0.0021054504683915,0.0242460574270242,0.022242428706015,-0.0127133133007665,0.0136671267658435,0.000909533374787941,0.0557293831914754,0.0216940648583897,0.0252811174377932,-0.00422540140783068,0.0154040059179987,0.0100212453940305,0.0119727752687488,-0.0280381731314929,0.0299296679303795,0.0500270601740784,0.019101004669229,-0.00964780201032389,0.0162338403033939,0.0272763058374978,0.00308119602482315,-0.000520796368619791,-0.00223689320388354
"30",2013 Q2,0.0151993820410703,0.007908076657418,-0.0653043944080596,3.35613604041107e-06,0.0192901702671966,0.0327063126117288,0.0329992749575734,-0.0244859610012883,-0.0484504681045516,-0.00354547008933026,0.023806089803625,0.017398963724218,0.0184863638615338,0.0389890427484412,-0.00379181995010092,0.0148874387964091,-0.021140161454127,-0.0129520461599734,0.0161411549464889,-0.0456679983254202,-0.0196150844645121,0.00763343730955635,2.84865939610413e-05,0.0167429682727778,0.0203314720709287,-0.014553481442531,0.0149230875892117,0.0183349593348709,0.00549593778511537,0.00171671242937488,0.0206867451244297,0.0170361654848921,-0.0236026235767488,0.0033427983545169,0.0146578884613622,0.0107823217072103,0.0181529150608217,0.0112121812725801,0.000363686367495175,0.0187097468761424,0.000197652174527052,0.0124572021795883,-0.0157706310679611,0.0109789920717926,0.0514613893605691,0.027139656236717,-0.0253031460389227,0.00942218909798576,0.0222427190155288,-0.00175075235033428,-0.00182238802693058,-0.0140998476181606
"31",2013 Q3,0.0223702249329552,0.0252763141095318,-0.0546954801093944,0.00617777295580924,0.0328036534695777,0.0407827151577294,0.0476901304156763,-0.0149836187916893,-0.0290066843283943,0.000219524261869886,0.0238873516631268,0.0199764182290676,0.0191988122307853,0.0486267201143931,0.00583406867407943,0.0296275133273112,-0.000400521202263304,0.026552362889549,0.023016075264064,-0.0190608812221982,-0.00522980601284251,0.00498522823953107,0.00660899686045879,0.0202244113621197,0.0341674531816603,0.0150098339019855,0.0216504796923207,0.0183728335357731,0.0227377303068805,0.0107258844254645,0.0195905700176993,0.00845833123048223,-0.00785478030988995,-0.00205290920802126,0.023647274997157,0.0165776018261192,0.0285677788860208,0.0213030278098225,0.0116353456488534,0.0199990374238339,0.00966446270777976,0.0301083113386946,0.0419892220178777,0.0216010735891738,0.0585031802708593,0.044852841351616,-0.0211562761951231,0.00886631111419378,0.0304122101765265,0.0142675827662657,0.0120712502603513,0.0181422775683391
"32",2013 Q4,0.0300914496017461,0.0173144428164431,-0.0464527654456374,0.0118659596399002,0.0392291216121756,0.0515921737771641,0.0492216995209247,-0.0176171497575374,0.0312802058950261,0.00996419510382429,0.0350628800060482,0.0302684266830693,0.0253351976198655,0.0731810504407364,0.025189315160234,0.0452007909047205,0.0299299345139574,0.0436038404708605,0.0303537783022905,-0.00194642328942174,0.0185192193886679,0.018726645923556,0.0151568357024834,0.0255159298871654,0.0415852473878284,0.0173104712242915,0.0216888937539148,0.0232112287222885,0.0162805551672054,0.0293919711696677,0.01231902514612,0.0252951135442558,0.0157213227287263,0.000138072953492108,0.0374544261549152,0.0213383370060873,0.0442955516421866,0.0368130427904494,0.041017109467983,0.0340867250367687,0.0191450231493857,0.0427127005731913,0.000701911374453301,0.0221960682529099,0.0443876074567666,0.0342476028730143,0.0060210593490746,0.0126950508202004,0.0422481168415854,0.0300218499838174,0.0244858058176629,0.0332218905047508
"33",2014 Q1,0.0165081755593803,-0.018614018771916,-0.0508865913108694,0.00458837435427295,0.00992310806698904,0.0419796753570141,0.0311360893691401,-0.0169523289826256,0.0532269484152381,0.011889691822853,0.0191488574965311,0.02152395975205,-0.00122887521263026,0.0483807913950312,0.00731995533877638,0.015495544974486,0.0251237946618472,0.00394049503308258,-0.0128409583058435,-0.0055131497693417,-0.00601661152002164,0.00208347801930686,0.00673586152765715,0.00319546714317509,0.0237584305996119,-0.0129412130251056,-0.00950879662209703,0.0125882502243131,0.0231710097164408,-0.00447049128930499,0.0007834832681759,-0.013503096178574,0.00912962327775513,0.0168362365064365,0.0263917343859967,0.0797023080546395,0.025494591564821,0.0247176547585153,0.0228856569228393,0.0152440209046274,0.000530681444013803,0.0197812288016059,0.036646775522712,0.00593391828444467,0.0224167776047692,0.0340509237315072,-0.00882513773473381,-0.00911205383354619,0.0285875456087035,-0.0136348641515964,0.0104476915332328,-0.00281795394747086
"34",2014 Q2,0.0268915215872729,-0.00319271265876442,-0.0173433487582709,0.00953676416544758,0.0157521965139116,0.041601821574375,0.0446455083637181,0.00470820060434796,0.0862790272875653,0.0219158945071454,0.0299675210923085,0.0359745287194553,0.0112828417745752,0.0319703952525607,0.02472261910649,0.0421430621385923,0.0665429668135014,0.0201948792508955,0.00506705435919597,0.0323308622243381,0.0104895522082775,0.020918204414706,0.014794442052281,0.01854113545083,0.0330313588850175,0.0190575710582825,0.00289589981307459,0.0227950182160093,0.0437478845752226,0.0061783547804366,0.024097122249561,0.0012394208894575,0.0220709651342885,0.019060976343827,0.026471598012606,0.10763000024063,0.0399113677902871,0.0495781660755088,0.0344723635159347,0.0185090677790598,0.01171210592063,0.0436580134904287,0.0308341707716557,0.02141618031352,0.0295009861560851,0.0383452178692956,0.00293485882535838,0.00259546512457831,0.0357041720484745,0.00337356968635705,0.0328835368349205,0.0222814691966757
"35",2014 Q3,0.030597829282017,-0.00226217801826478,-0.0226237868975765,0.015138470440853,0.012468573080777,0.0463043640745615,0.0492995937002736,0.0111779687235991,0.103337822056089,0.0282075178626904,0.0325746507605347,0.0429703098524667,0.0159559353622689,0.0275188032132083,0.0291217509998423,0.0404351194210699,0.06762480330437,0.0348971825003164,0.00469882862264281,0.0437986433174504,0.0152375200605295,0.0245504427901533,0.0219521810709187,0.019991068274096,0.0286423465301235,-0.00501766989797592,0.0115959477889462,0.0260762193907582,0.0369931763112725,0.00905531132564574,0.0135254748712583,0.00606985948732719,0.0361654848280379,0.02772396141143,0.0253357935717446,0.101015307097058,0.0441645798644019,0.0859417627717105,0.0405936051919411,0.0254149423894816,0.00897217768094305,0.0309049840724631,0.0161352885039661,0.0217658098099707,0.0340206648591022,0.0292816296719784,0.0255118995884351,0.00336897510518708,0.0422245177851217,0.0096262058149974,0.0331342969003208,0.032601145805589
"36",2014 Q4,0.0268583510114566,0.00685689725762928,-0.00513070689121076,0.0090337894628878,0.0141408689297813,0.0216867235905642,0.0591606403920111,0.0273245554394923,0.066478459714302,0.0279058221681661,0.0339017523625196,0.0403303770166576,0.01222106969286,0.0173380720136422,0.0195507225718596,0.0294716156501851,0.0566888330430684,0.0310210775281927,0.00515016385958611,0.0405288104210677,0.0193614423033073,0.0150993647947568,0.0323660395788539,0.0153863741198004,0.021954057804271,0.00901335478887977,0.0160804920738373,0.031711392382741,0.0494636707756768,0.010042648740048,0.0320852022367564,0.00446778685268123,0.0441676316102302,0.025642164049269,0.0209835937925207,0.113182086831443,0.0357148181672966,0.0775477883463649,0.0327077951679076,0.0230881591522791,0.018440899417886,0.0243215067417006,0.00136797222216511,0.0204104415304687,0.040328753343545,0.0376245170357163,0.0253863939838939,0.00462939182904765,0.0453977232377862,0.00941172345527175,0.0279282998998489,0.0394135267223712
"37",2015 Q1,0.0396929949881848,0.0182334629163208,0.0171905484908177,0.0237849783015169,0.00318805190191651,0.0565032604609952,0.0638156728782171,0.0502296117992789,0.0774545398408806,0.0224165594370045,0.0438893854400952,0.0486676253507685,0.0325959303916836,0.0300910794110412,0.0283551427315698,0.00899539667882765,0.0590632706948124,0.0381974567581325,0.0136373793762314,0.0260622663488106,0.0144158588033887,0.0315778199207404,0.0452331765357117,0.0277252736653473,0.0389176974267247,0.00737712886366482,0.0278811278967752,0.0490212245741564,0.0386706794934435,0.0340837119599562,0.0320285501621564,0.0224115576631163,0.037202285704196,0.0284826380854502,0.0353873050788678,0.0689832685340948,0.0286879318309412,0.0771346732952014,0.0584898351888643,0.0323820187332873,0.0168187555031185,0.0358537094099531,0.00261454357339597,0.0313037689918785,0.074882050937535,0.0372566678306074,0.0193381529895369,0.0168140506625276,0.0500233982898466,0.0203313490404531,0.0372345427125298,0.0618319021597709
"38",2015 Q2,0.0327908786092708,0.0145110554064216,0.00729984685372842,0.0255800864548812,0.000248410502895036,0.0572669981939422,0.0547177541972759,0.0426954887479405,0.0568378143078381,0.0258472183390583,0.0467185755783133,0.0462194371124875,0.0331292761973354,0.0162766595920383,0.017815897456025,-0.00751151393061544,0.0243484862570109,0.0353814875103782,0.0143003359653322,-0.0128070777191106,0.0203834806766829,0.0179731334123394,0.0476777360698133,0.0221885403776745,0.0177787797881104,-0.00522709215499828,0.020918364647782,0.0411054171176224,0.032654096164942,0.0437947154316682,0.0270775437198296,0.0214737726059442,0.0183675136857586,0.0331676937267362,0.0357289638677389,-0.0195790078810687,0.0178197642083406,0.0431066256267785,0.0471672460710635,0.0247186812309008,0.0195273124265349,0.0245928892894081,0.00426030737210614,0.0378204267551352,0.0451922156240345,0.0338763202218499,0.0113191311665222,0.0210335878302952,0.0529567703538789,0.005041315844174,0.0183890080261131,0.0183356007906155
"39",2015 Q3,0.0244732136643455,0.012467056582443,0.00438097597783593,0.0148912727944475,0.00106926594851608,0.0404410455299606,0.0436157810117705,0.0246427424197455,0.00135994071508461,0.0117761264658358,0.043723305949813,0.0400919501640229,0.02757320162293,0.0107151058239718,0.0142773296373613,-0.0208060200197419,0.019072659989533,0.0235615940126555,0.011531986830128,-0.0284519895519284,0.0150589524904419,0.0146382839445232,0.0289966541860109,0.0196874042368465,0.00784813303681386,0.00186715970877427,0.0116988986154341,0.0371217839504843,0.0368111811871212,0.0409354358299279,0.0350295888839647,0.0178548395851803,0.0024567625876899,0.0205475304408638,0.0257594940038843,-0.055681222993322,0.00121044629565104,0.0260533757743959,0.0485168497516624,0.0150315076030869,0.0100708826536802,0.0353746963103423,0.0246265024226597,0.0382276954397844,0.0395986167659972,0.0344608331672316,0.0017698232669443,0.0233576305930125,0.0417541881492125,-0.00452844969007737,0.0134956545615394,0.0143205031268414
"40",2015 Q4,0.0211986131266482,0.0107898435267926,-0.000440018570275202,0.0267445437012142,-0.00042660544073414,0.0394134346336521,0.0306598597438053,0.0101938175280716,-0.0107883674636285,0.0103076830494924,0.0435978760301727,0.039859560549975,0.03232918139469,0.0033954521429802,0.00854172723298974,-0.010750893589797,0.0247021322755112,0.0200726353738454,0.0152364905280105,-0.0400121223072738,0.0154792913526733,0.0267498355465745,0.0249196635098088,0.0229465015661412,0.0166766342023736,-0.000163311035446756,-0.00219088705541137,0.0118259123151867,0.0299279559768095,0.0394953369842215,0.0350890628111071,0.0134576452786868,-0.0184990560200202,-0.00223880539669796,0.0244827189047678,-0.0859349762517791,0.00592487418975107,0.0112333479066604,0.0457040924563052,0.0141784948032224,0.00823450835898765,0.0426525036706611,0.0679057859703021,0.0356304392660809,0.0324290123846305,0.0371411973463225,-0.00742674556359435,0.020777413950267,0.0356389993217678,-0.0122752007011347,0.0123214210392444,-0.0136831661996206
"41",2016 Q1,0.0179501689138062,0.0202703584242381,-0.000173864792379574,0.0211559467027245,0.0138418668069882,0.0323590042008823,0.0162928749812772,-0.000919174517172605,-0.0555906514861209,0.0225116182230916,0.0346905811028506,0.0445587174666291,0.0249104532097688,0.0195069476097027,0.00469869876093076,0.00585833439627259,0.00829245193673644,0.0404200171764293,0.00108559570737143,-0.0267740013893999,0.0296910682355462,0.0259476506135594,0.0156810962771849,0.0167963022572895,0.00358812121085772,0.0144862935326355,0.00280909292580866,-0.0132236982758259,0.00807620328081504,0.0323202050467979,0.0327139815855868,0.0143350050962334,-0.00736701547562679,0.022403771214577,0.0202755851286871,-0.0911141837106155,0.00102255793557116,-0.00838452933111933,0.0472753761765354,0.0125593301398752,-0.00379427587690984,0.0380353805537386,0.00176504571986369,0.0262422195397189,0.000639682189254254,0.0359366622582837,0.00739892566973577,0.0111819326057903,0.0440176438350333,-0.00305079554430709,0.0100941375180714,-0.0321740323774327
"42",2016 Q2,0.014932508327147,0.0184000547483945,-0.00203026533532069,0.0292788726313125,0.0123052297639035,0.0197748417493873,0.013877427889788,-0.00923112824900818,-0.0715232501889451,0.0215517674008865,0.0324688754870994,0.0353250129841396,0.0209072417958622,0.0384421835361539,0.000951670698655871,0.0130546600478691,0.00232608641632526,0.037437365512643,0.00338879313060581,-0.0183259394463178,0.0274599655820551,0.0355799141574917,0.0105415169183629,0.0213200921478198,0.011656814813652,0.00405926045063087,-0.00426636386807921,-0.0269033583273492,0.00409905549676837,0.0233937648479701,0.0202444652827451,0.00544617364192068,-0.00285734152773098,0.0119192151471916,0.0140903962870402,-0.0775686916206451,0.00317511832575046,-0.00421968095631453,0.0462876452123233,0.010628337709339,-0.00121279714813061,0.0396174624625831,0.00796039258035819,0.0155195335555065,0.00732881061081447,0.037040887354119,0.00719782282282289,0.0076807814574551,0.0297307514720191,-0.013404278464115,0.00855257904949225,-0.0430563152707374
"43",2016 Q3,0.0180576153108554,0.0149384584630323,-0.00624752379030136,0.0459240156771377,0.00675877287899951,0.0325756671512671,0.0249027718505093,-0.00391092153881223,-0.0512958920315438,0.0240545297022601,0.0375513670642189,0.0376268171147325,0.0202438485182006,0.0489003109933492,-0.00718974178687415,0.0308398583831588,0.00801956000705473,0.0391494472908809,0.0141282164152228,-0.0169586883809661,0.0210071445033417,0.0377396829211984,0.0220838705372195,0.0170962700338513,0.0249751615189018,-0.00175255140149466,-0.00500346326449697,-0.0208254055391628,0.0144810466085552,0.0430279294044615,0.0236180410904046,0.00783061615559721,-0.00751168383077694,0.00531851027135577,0.019887612487248,-0.0547646986433621,0.0129591956016624,-0.02908890089909,0.0354889011898265,0.0188045814521218,0.0175354010922737,0.0295065628302178,0.0234373460014587,0.0206350305887255,-0.00164998872092348,0.0511494463273787,0.00827672439534188,0.00941902620576474,0.030108549473858,-0.0124047845871293,0.0163482978039908,-0.071307122734412
"44",2016 Q4,0.0218156630305639,0.0213145353720141,-0.00777273108812637,0.0387153926214212,0.0165505083768311,0.0374094663156628,0.0313764424358409,0.00407561458064243,-0.0450825210567511,0.0281569094622192,0.0350619864168207,0.0425758801707437,0.0204542577345324,0.04979025945682,0.00634744143337929,0.0350796568627449,-0.00264622217387001,0.0354322001572971,0.0117998504110699,-0.00497547923120423,0.0193486908876117,0.0400982858388137,0.00825819462114441,0.0225418309121481,0.0193457375051096,0.00190986495895107,0.0119194545589754,0.0130348941561527,0.0287921073756274,0.032305913818296,-0.00431821096347151,0.0111911488155394,-0.00193428375652716,0.0237099331626256,0.0300989860594569,-0.0430705385479396,0.0136490337425097,-0.0342169452963262,0.0497825516033354,0.0162977525247627,0.00404275718083236,0.0308532061326143,-0.00123128853770094,0.0339764139972576,-0.00685497255225642,0.0582193108999323,0.0107980928043878,0.021103817708481,0.0556579483020168,-0.011452524167707,0.0104160780962801,-0.0746262636448433
"45",2017 Q1,0.0208746169419667,0.0213699380133976,-0.0119932069942799,0.0465890289157889,0.00651715138626163,0.0311972910878928,0.0378743423152128,0.00747283216981498,-0.0220478913411066,0.00628789853051903,0.0437363912987094,0.0363440195680313,0.0221420519132141,0.0274872741439067,0.0037087412095298,0.0326420109528693,0.0112664157651459,0.0288166681528599,0.0207413341226135,0.0108843548949078,0.0182937735155719,0.0257298577180902,0.0114535793280914,0.0167949401227483,0.0284445226643895,0.00361560935836747,0.00222190650606668,0.0218909107901841,0.0215681362935312,0.0535677105599637,0.00559575386165623,-0.00239351280785971,-0.00813556269903459,0.0162294676584174,0.0199737136171712,-0.00409865509512053,0.0279797439169995,-0.00967846032978192,0.0393706001729286,0.00929347538258507,0.00639396133554304,0.0271392821160019,0.0470949933977123,0.0372250078913374,0.00405040113480171,0.0497248486855972,0.00915510891101423,0.0219400835745935,0.0491688348806598,0.00889203301330621,0.00876607089379133,-0.0594050130022056
"46",2017 Q2,0.0233041379375827,0.0146033354213588,9.17068898076412e-05,0.0396669431747538,0.00608108603746471,0.0450259133523758,0.0368534658877122,0.0237876525984306,-0.0475644255632011,0.00771735918332483,0.0364590058848093,0.0361943204052819,0.0191847420033371,0.0347927840355979,0.00701129264665923,0.0284197647949798,0.00869692220466467,0.00973534540209431,0.0132646999607298,0.0181322603397436,0.0064067910053931,0.0190097724239509,0.0129720520080954,0.00782434465049286,0.0175721057763067,0.00149900339482856,0.0117636612252916,0.0467478977175217,0.0255843800451985,0.0541689658817024,-0.00197572888292663,0.00442842388275011,-0.00294277309427804,0.0109955665812265,0.0217087292306468,0.0521664092007719,0.0261387779099131,0.0140647530612064,0.0534436505256988,0.0120243050920139,0.00242853962218925,0.0190736301463226,0.0244252137846279,0.0373352855051243,0.0137374442812404,0.0592730404051158,0.00852845354228982,0.0207961784832511,0.0646003136732503,0.0183506844243104,0.00601548733521251,-0.00287646984448087
"47",2017 Q3,0.0241082141217457,0.0148522373319153,0.0155374058061228,0.0433740196546102,0.00663767433869555,0.0455501666064759,0.0355450376431925,0.0283866380992395,-0.0312167544361203,0.029801740827029,0.0291106623164996,0.0374862946505856,0.0214382075878348,0.0307409272350325,0.0131850281106094,0.0189735543385166,-0.0150712694486649,-0.000400344356348614,0.00487776245410299,0.0226487458702374,0.0181032244957846,0.0168603258797837,0.0131855527107083,0.00612375393657794,-0.00500627479476246,0.00421296025929285,0.0121599552809,0.0324811844854827,0.0103398140653945,0.0408340046438895,0.00734859893111284,0.00676813912839891,0.00829314895966338,0.0236339998668049,0.0175054394828313,0.0428719434486426,0.0209765530268191,0.0214960403281814,0.0552517162844346,0.0136099445558886,0.00136078281265561,0.0153356085227856,-0.0126829738058551,0.0313039120028493,0.0233464139673443,0.0618365457761647,0.00701803094103304,0.0194043486998554,0.071206111773864,0.0285703760401785,0.00663324457243886,0.0121366520987469
"48",2017 Q4,0.0299414349676177,0.0197132089560945,0.00310938492831858,0.047040409560454,0.00830813762337312,0.0560933305008904,0.0380775524249108,0.0250443480146734,-0.0318064820769773,0.0191149174754104,0.0374574554048326,0.0452782745425491,0.0196999157092652,0.048368887291486,0.00718715363449918,0.0245770196249993,0.00375261207038546,0.00199732530003383,0.0121892664776666,0.0209714751799581,0.0193383873632178,0.0177525030011838,0.027248925284564,0.00888444258205245,0.00641794651146022,0.00415398430939673,0.0108249979613484,0.0080104554891316,0.00611119331601362,0.0362713412381155,0.0109872418208703,0.0118640049556566,0.0100119122817022,0.0352145806025463,0.0191614123662707,0.0395625973570086,0.0130152049091572,0.0258828335337047,0.0523274121717832,0.015885717961609,-0.000442675251061342,0.0179687261591264,-0.0297044912945045,0.0324747501920277,0.0407812288739224,0.0638114818611011,0.00953584806770347,0.0175802846287128,0.0685008408944134,0.0346830932918836,0.0113386973072351,0.0291553608595683
"49",2018 Q1,0.0332881009475912,0.0204382472890665,-0.00966721777734514,0.0473880387802317,0.0228634114068145,0.0478984349881126,0.0580742253712558,0.0205409853185041,-0.0182181781257758,0.0299602478000385,0.0396603928345673,0.0283598065681423,0.0157212271067537,0.0745335445021491,0.0234463877495983,0.0377889324668923,0.012152500425924,0.0104833336242529,0.0122686211483043,0.0253027032376123,0.0281444554975578,0.012854614067604,0.0399204758456368,0.0288677032964189,0.0128603525950604,-0.00606689197484067,0.00893168074961781,0.0279404275662811,0.0340166179543449,0.0377799625694388,0.0219757051882259,0.0300483799427917,0.0254638510143717,0.0255236316938561,0.0165526642844762,0.0428775478551306,0.00516787546697106,0.0223092926344959,0.0517502917943762,0.0188753423447301,0.00734926704798133,0.0225084305042051,-0.00400350971819707,0.0262648667448648,0.0468282636796165,0.0686794617804989,0.0107769099626407,0.026837832603775,0.0741530269017998,0.0179772519646759,0.0252642836807169,0.0145125339191112
"50",2018 Q2,0.0329896284652202,0.0197454196990112,-0.0186297627067894,0.0441684697611735,0.0213321667557802,0.0443351830933458,0.0506028868588968,-0.0037241064499931,0.0168637636577331,0.032988032988033,0.0345299783701354,0.0325735160643865,0.0236924252384214,0.0655379589048266,0.0202617286826035,0.0317640283828702,0.0180421142955758,0.0191262512198016,0.0136743620098356,0.0227813447457761,0.0351201419641574,0.0122595529971412,0.0406287459221606,0.0254015168248303,0.0268888090041464,0.00508734733641281,0.01004232254829,0.013907105616946,0.0134961752321137,0.0329353177522493,0.0195022477293094,0.0278089476923495,0.0330287904399857,0.0351346355374087,0.0238438193628441,0.0283858708155735,0.000508457023661979,0.0130817178392435,0.0371361132966168,0.0157005444043949,0.00244828363869964,0.0303004497360748,-0.00931643583847919,0.0226106522980489,0.0533889636253602,0.0652782798581049,0.0136299106634188,0.0258701267942587,0.0696908031140255,0.0339774873581931,0.0216150131235235,0.00295609446822009
"51",2018 Q3,0.0313003064071868,0.0192312935260621,-0.0300512396969691,0.0358415615693253,0.024442425865066,0.0398550813916998,0.0350441913558741,0.00378482370383537,0.0333135639568189,0.0249397082607956,0.0396719586959662,0.0357122014292206,0.013983046981213,0.0632288525306006,0.022730501151377,0.0332719454983434,0.021410764991828,0.0297108235641306,0.0110442836505824,0.0197651154049567,0.0316003351022807,0.0063769113501182,0.0355394053983373,0.0259697690591216,0.0420095983972006,0.000550648283858202,0.011335727159091,0.0147105102399714,0.0150186271883903,0.0226715083703928,0.00597229295745749,0.0285359386328261,0.0307277535790942,0.0327604952968432,0.0193442789208136,0.0378583674007649,0.00582034714071256,0.0148684162225909,0.0370907579348601,0.0100482201190362,-0.0144919238593042,0.0338207001665707,0.00926231187148252,0.0236382617538831,0.0498647491091939,0.055064802938416,0.00419678960911662,0.0267374439052428,0.0687159727863278,0.0372320316448393,0.0184195140059706,0.00939980744186797
"52",2018 Q4,0.0212511075148454,0.0180354924724726,-0.0215670399856069,0.0326021936554699,0.0118264600059781,0.0295268291181521,0.0282027512095564,-0.00990028824905886,0.0437690215936242,0.0241760026577584,0.0265016850504904,0.0226949543213821,0.0107119872834238,0.0557782850812447,0.0233260375070712,0.0229487478333301,-0.00613472747980748,0.0254188776677218,0.00972573514642483,0.0220653789621756,0.0199105837496094,-0.00361679179161223,0.0284569903153158,0.0128598758238931,0.0320398177593384,-0.00340032089451392,0.00708102926986998,0.0248081539979033,0.0131141480585548,0.0400453955901428,0.00646165756522299,0.0275446989794248,0.0337599630086181,0.0064154886426302,0.011771954247874,0.0316130110183874,0.0131790744004607,0.0223356637152623,0.0300234241072013,0.00609995454461854,0.00277600553843649,0.0329203176221016,0.0299152572561716,0.00594884360378733,0.0401681357234167,0.0449390165386154,0.000745156482861331,0.0184764948318974,0.0507336888397256,0.0296431868012708,0.0210466811644343,0.0111787595626969
"53",2019 Q1,0.0193355872660037,0.0134884653013854,-0.0197179104195421,0.0230924500986853,0.000236214168569671,0.035742530000344,0.0252302969531755,-0.0100995146731981,0.0511682759849115,0.00418946498003137,0.0270628680257265,0.0319718100086883,0.00395382673135591,0.0373477425865043,0.00759117859455349,-0.0035096338115217,-0.016764759553569,-0.00298662867163524,0.0212159814481145,0.00770084251224956,0.0152027892746489,-0.00998809878827889,0.0273459598692452,-0.00541759813882281,0.0124331072021397,-0.00641089097670955,0.0159678705068511,0.00589440223886184,-0.00563810786717889,0.0358655494089268,0.0235503267339348,0.0181482535491959,0.0330830823446593,0.0162196467728075,0.0146489988768816,0.0230363105933133,0.019183235931673,0.0210165752570428,0.0181684135634115,0.00423593147728529,0.0198226884467938,0.0298463407296403,-0.0183208435825564,0.0148365159092803,0.0305801391063005,0.0652147167903654,0.00891139148013753,0.0188623563199193,0.0508738525123351,0.00953969120317422,0.00603354071345952,0.0098205448664368
"54",2019 Q2,0.0224212569469824,0.0184306324842225,-0.0109876908114911,0.0335121222854933,0.00154515860878623,0.0408624315929378,0.0464003051292154,0.00440880485393724,0.0596981700704347,0.0051273636551088,0.0320992014121153,0.033474880541839,-0.00961199027706328,0.0398407971003254,0.01004599506196,0.00409769180135244,-0.0167493356999542,0.00421158342170314,0.0232302001335258,0.00373387671963976,0.0184871146201107,-0.00282250928819505,0.0258912104393769,0.00145181678014272,0.010955244041412,-0.00456158593096589,0.0164697936549314,0.00712094078077685,0.00952021234626788,0.0395283443579257,0.0247609308327703,0.0185759031182049,0.0379754746283334,0.0215917316424932,0.0123990350442631,0.0174651533729759,0.0267645662297344,0.0171839716558109,0.0190921192826718,0.00922858346025635,0.0221102667105249,0.0244461840783683,0.00672992955696583,0.0170782068367061,0.027305457717077,0.049188604598551,0.00466652286322766,0.0192601317702561,0.0478834666801502,-0.00376196459874967,0.016830292815305,0.0068350809542248
"55",2019 Q3,0.0279721686864285,0.0259061202931503,0.0114474887501121,0.043675000625399,0.00786807220782126,0.0418713000977,0.0698999405601077,-0.00179239762693795,0.0515070306684895,0.00114025494636727,0.0318888993043425,0.033137724806183,0.00129578554749177,0.0493322347227676,0.0123438413831078,0.00861118224683377,0.000604742897046373,-0.00449367358839414,0.0325568162784569,0.00974789134778842,0.0334892531965618,0.00362376656808538,0.0338732226486458,0.0136845315681808,0.0133261067598163,0.014725821817102,0.0270041162585068,0.0280843645798494,0.0247070545205641,0.0502112539784483,0.028184797085244,0.0214480000236608,0.0557658308224804,0.0199361690528284,0.0245300737195253,0.0132213819088667,0.0315769769311902,0.0299639568501089,0.0236666702124264,0.0120924454454481,0.026797461562909,0.0352241060387379,0.023053446033056,0.0229687619342775,0.0398882662475226,0.0616138868905847,0.0237698666910711,0.0289595716533437,0.0434127950737235,-0.00626778440663234,0.0129811074538622,0.0259161842800197
"56",2019 Q4,0.0335177652419809,0.0229989390015826,0.0117088437875896,0.0516198573050997,0.0171713820829977,0.0478093297019706,0.0612873518813499,0.0169707290630174,0.0506284359466749,0.0142358528104076,0.040153813812537,0.0332629661605848,0.00527054133015636,0.0531548854563282,0.000603521486647773,0.00966533256152524,0.0170410995322849,-0.00222422188730098,0.0363960301385009,0.00255183853910279,0.0531336030892597,0.00940595657604892,0.037074011659304,0.0231542764919033,0.0160736761854596,0.0338644004244655,0.031436837090959,0.0243105159931232,0.0359584110396209,0.0495765915177657,0.0289498058125992,0.0195738931506331,0.050507892534557,0.0363751810184256,0.0302815760708075,0.00738701263276331,0.0312040510082177,0.0143564134142533,0.0326098878644703,0.0162762140696646,0.0277728894093121,0.0374173453104121,0.0328740800522664,0.0315340312606944,0.0399100639309697,0.0580748723796964,0.0250570657812825,0.0333047590995985,0.0501982538760004,-0.011858311606581,0.0179599287714036,0.0205187006044611
"57",2020 Q1,0.0128035237110911,0.0128094645393633,0.00913051780103813,0.0351084882173103,0.0147630689495311,0.0251460779456969,0.0413922553219683,-0.0190869495410995,0.00791363465546113,0.0221564243118413,0.0141961963133279,0.00847131286471225,-0.0187619757592025,0.0370223004886352,-0.0238733718171924,0.00142359343372656,-0.00414438966115849,0.028072018076212,0.0133505718186187,-0.0315910969770096,0.0378455033318852,-0.00492427121138372,0.0252504251625401,0.00509732620903436,0.00245613939097145,0.0296352222413157,0.00998811870434202,-0.000749821088265712,0.0116639747961156,0.0165099749085724,0.00813305005975296,0.00951752626784752,0.0327071009387876,0.0156107102114538,0.0196674478493712,-0.0117059004499799,0.0044414284925951,-0.00288681943004987,0.0244370515527605,-0.00464285326482639,0.00263923246640374,-0.00264399625024014,0.0287711092377561,0.0297614208129142,0.0197234888462672,0.0170067312952205,0.0114610586541855,0.0157764534661509,0.0181175242963862,-0.00362334379528373,-0.0092675121355954,0.00564688199619523
"58",2020 Q2,-0.0750236563680468,-0.0698391914708776,-0.0698341633840619,-0.0300763487340706,-0.0329296881187334,-0.0684906921211319,-0.0563862110258222,-0.10430059064924,-0.067266518364511,-0.0408385570992892,-0.0682718330522993,-0.0784740056009623,-0.151400968151482,-0.0420847188985921,-0.106938450061815,-0.100456315479375,-0.0525670211772241,-0.0664489903612273,-0.0924846199586326,-0.118200942700171,-0.037470733097985,-0.0784574729563202,-0.06569585049104,-0.120996846321647,-0.0809189749392727,-0.0640740101550508,-0.0735573028592328,-0.0559666520157106,-0.0518162520193348,-0.141305126156085,-0.0853337198278832,-0.100443971533074,-0.0688010147251553,-0.0844477563844358,-0.0584380171472602,-0.0949625121476755,-0.0888745826689741,-0.0810193953753939,-0.0548280734809232,-0.109095099399109,-0.0965293456547621,-0.0699499265414676,-0.0382822710292263,-0.0838668710039087,-0.0611685806899422,-0.0208487710726785,-0.0967676578295619,-0.0523068870389999,-0.0448265223833171,-0.0865482688010463,-0.0847507712212863,-0.0901102408346283
"59",2020 Q3,-0.0141306169909,0.00426853735754595,-0.060757410165371,0.0213884398889046,0.0280569317401971,-0.00381763493271414,-0.0139820176579845,-0.0429525877548416,-0.02236108159796,-0.0128983748549426,-0.000194530821022831,-0.0184960525429794,-0.128585197733513,0.0383486382160558,-0.0521542650506684,-0.0119814463514845,-7.76603832196576e-05,0.000539935865724539,-0.0104292245859061,-0.0701389559066457,0.0169306227700388,-0.0253291761774095,-0.0100001702141699,-0.0173148485522752,-0.0307578495993081,0.00573951395365069,-0.0116033337867416,0.00854314951004564,0.00612498751435853,-0.0526933639595025,-0.00239937842873794,-0.0288624487356743,-0.035997735768954,-0.0225178724262001,0.00770010536635723,-0.0710748085476373,-0.0171705946233435,-0.0418371879300129,-0.00297234196522056,-0.0383422546303717,-0.0184182718309274,-0.00520447086215858,0.0144589922348808,0.00652346853324159,-0.0187825622554014,0.0133364637897979,-0.0267251089087669,-0.00989604088708951,0.020777174698787,-0.026072218204094,-0.0195938200092539,-0.0774108944871887
"60",2020 Q4,-0.0101859631493214,-0.000434194676544819,-0.0342978093400758,0.0337740410130851,0.0248268364652897,-0.00151388100604355,-0.00697495333197629,-0.0438658719026743,-0.0314642032332563,-0.00467299350898098,-0.00188442017065316,-0.0145346504512813,-0.107099692475727,0.043443300863812,-0.0398817042118107,-0.00495607215104077,0.0108956240951714,0.00275297009422371,-0.018638378558434,-0.0675521444658651,0.0214551488702237,-0.0274860099894554,0.00403030040918617,-0.0143738088972578,-0.0221698146048551,-0.00325174911355941,0.000292851746719558,0.0249095808807887,0.00730271303791175,-0.0484978394594714,0.0184288189823933,-0.0191193970773753,-0.034988045612097,-0.019929194574642,0.00633368941790247,-0.0614364794221726,-0.0102477413268696,-0.0443129456611702,-0.00624030591278835,-0.0317057564365137,-0.0159009524436725,-0.0125494661828007,0.0145371875918572,0.0217797207336339,-0.0127713626971492,0.0310957027398953,-0.0187554145095459,-0.00168547343079972,0.00806403447649928,-0.0189685940702672,-0.0159166471260075,-0.0837208944388722
"61",2021 Q1,0.0176454260082448,0.026150651231831,-0.0221285704729414,0.0527357282299155,0.0520517862637389,0.0320387391986416,0.0203229674338947,-0.0131626937800544,0.00424233221162562,-0.00499713612750163,0.0338347469595826,0.0209756650195048,-0.0658444160169921,0.0600698373890258,0.0110684254391127,0.0318586989706908,0.0669765982218118,-0.0176262168110094,0.00865227690876069,-0.0218035048546293,0.0332314794751947,0.0271446844862879,0.013770946952993,0.00743669269051028,0.0152121491970654,0.0269721551979745,0.0236291956007211,0.0612015393931347,0.0586329695939527,-0.0131946031045924,0.00948688277049436,0.00663337708443335,-0.0149332753835061,-0.0127216828278389,0.0290828972157162,-0.0310951549369972,0.0169341750970533,-0.0232130094821608,0.0190529855553854,-0.0122086373543006,-0.0142633518876936,0.0252895551828731,0.0413946234569533,0.0439114807625971,0.0205590331612979,0.0675340912199849,-0.00750042514342997,0.0255870256567461,0.0470717226955757,-0.0115330384638963,0.00861798770857636,-0.0361419653892082
"62",2021 Q2,0.12239255267606,0.117604499988972,0.0577396646932988,0.130244685930921,0.129361606641984,0.13775293020711,0.123547381717903,0.0977395697522816,0.0737056681786816,0.0771786101057201,0.15566875840993,0.120491284876345,0.124763649649441,0.139917022571573,0.11573560690663,0.158980608837687,0.138668230617377,0.0939229377430435,0.118971544955459,0.0964587637943448,0.115589424297899,0.0893705277936157,0.127763940880255,0.16764225515443,0.124577437485017,0.121445395865057,0.121901642779527,0.132630348126495,0.132977758457095,0.211355684012849,0.170797377403484,0.127284212548302,0.0785827898496063,0.104808889078725,0.124282087382306,0.0514043563328173,0.124625904764212,0.0658690567229638,0.109782361065626,0.110835886661414,0.12665736475313,0.113879189436661,0.11817773662205,0.180402748740853,0.113649743749334,0.121696497820403,0.12297406332339,0.105153408792729,0.131111677985849,0.0684745271520018,0.0974067328709869,0.0661972519400016
"63",2021 Q3,0.0497658426945076,0.0264612243371272,0.0344198347638924,0.0736327530733922,0.0496963323655595,0.0660762712689571,0.0632435528713864,0.0283901867334571,0.0134257454256965,0.0514580195796803,0.0856306814969598,0.052272174332054,0.113898904634773,0.0415921635699292,0.0465802133623581,0.052204944959569,0.0609654939214144,0.0213373905517,0.019358262802363,0.0363551251303282,0.0450632179207029,0.0294346797061251,0.0688843729256086,0.0318358690980776,0.0481772675743566,0.0261952115897148,0.0382750546880328,0.0402894884491996,0.046401167746434,0.109998251855688,0.075449722673977,0.0488270088601703,0.0336730096010538,0.0434531134003082,0.0458322932584885,0.0186534858060345,0.0368432617279044,-0.00211547018880232,0.0367674769958344,0.0277866062024623,0.0288714044251404,0.0297713070593026,0.0352998362954726,0.0677078622003593,0.0530660401052583,0.0688841716322075,0.0378314499759669,0.050216544627929,0.041192843376556,0.00213009150672261,0.0214510848038758,0.0301516884501352
"64",2021 Q4,0.0572267804291908,0.0408979775237428,0.0224493756873907,0.0751210530084754,0.0568878563873154,0.0702065459943957,0.0734064081074948,0.0313190053833121,0.0299015680439509,0.0383256476865226,0.106243122340168,0.0637331478577816,0.0728212712358298,0.0664352154964127,0.0568492061468837,0.0689077296868337,0.0553486124267712,0.0199229136852721,0.0363592688838905,0.0498236841533144,0.0321973492113474,0.0436550902057291,0.0532192962024849,0.0332976898687731,0.0461571618663654,0.0257288198461552,0.0280186891509324,0.0374240074113796,0.0265581646382718,0.10443757745897,0.0796218328794012,0.0602720901425466,0.0416549752548727,0.061336570825109,0.0583893398629978,0.00512621709340078,0.0428321745636175,0.0169355237443434,0.0556665233256546,0.0386317941619199,0.0430882325877868,0.0427685727463203,0.0182842745336786,0.0701238784252438,0.0542937591477248,0.0666788536868956,0.0370020903935946,0.0534827521282217,0.0624861528473397,0.0099141077634235,0.0262211273598909,0.0484078679933033
"65",2022 Q1,0.0401489117467209,0.0202261141770466,-0.021294394267811,0.0594345947274737,0.0287964333487238,0.0366019212583375,0.0482236418817381,0.0453628875746992,0.0395898446729084,0.0465150498311446,0.0801364911552811,0.0417266522812314,0.0627932127815856,0.0475660369818516,0.0430762495238555,0.0483268006973194,0.0211899562277682,0.0548129560154704,0.0169636384412353,0.0086151312534033,0.0388034831832551,0.018745534344736,0.0401007034477561,0.0413543527469729,0.0229685084877893,0.00497907664061015,0.0280752215227178,0.065861486518509,0.0340743642428445,0.0818192733776124,0.0506070021050817,0.034826368540763,0.0232167997657564,0.0516634895531913,0.0508894080322286,-0.0207846037879736,0.0224220520951541,-0.0114390786599123,0.0348624016375021,0.0275342080244405,0.0386011909291852,0.0407889695845931,0.00854669862462321,0.0443516211754817,0.0413711257094744,0.0435954891013697,0.0399769138507877,0.0327047909332783,0.0283483081406501,0.00609111602282852,0.0266655520937162,0.0386628750193152
"66",2022 Q2,0.0247892316636515,0.0154973378161383,-0.0115329065080083,0.045871672388506,0.00202821959012112,0.0159266490502743,0.0251732021529827,0.0277185991718789,0.0338362949895661,0.00962789523764918,0.0599177032356022,0.0424358757929562,0.0223304469883061,0.049934709871617,0.0239796729531216,0.0370424358073935,-0.00467412488181107,0.0114418455512328,0.0247198765757235,-0.0115252837699601,0.030301917648039,0.0307189498730704,0.0227099900148076,0.0201894994003313,0.00880672240599356,0.00156725298024707,0.0200266556123803,0.0321288532756716,0.0218763904250947,0.0520017578989802,0.0140555231993789,0.0395445400165819,0.0128695975365825,0.0196050738323492,0.0295981985467451,-0.0275764508328145,0.00990325814820836,-0.0186927359382062,0.0232419021408787,0.0195016790686269,0.0302776640183471,0.0325077809659611,-0.00560157310097709,0.0369602205471868,0.0272978650215385,0.0360033671903881,0.0354242442311132,0.0248620405828692,0.0103326426111199,0.00682464530591242,0.0139815831587693,0.000261573268829807
"67",2022 Q3,0.0229638557422804,0.0247343339786712,-0.0152394126492565,0.0322027353331409,0.0153393161263908,0.00353785885652691,0.0268584395821567,0.0300393482549071,0.0336646085956411,-0.00638049401694896,0.057398736097525,0.0327048797616993,0.00808145570360042,0.0523676080102411,0.0201145568237833,0.0340289359680692,0.00432548179871528,0.0220173517084361,0.0271999321330139,-0.00664010401586546,0.0130180707146523,0.0283877636069112,0.00299153895277238,0.0225452541972897,0.0265619540704507,0.00892739457089542,0.0264851186889987,0.0249580931047184,0.041121538275666,0.025475334425914,0.0117257577058281,0.027916717006967,0.0232286124274508,0.0122096446859885,0.0273018571204029,-0.0117879685324324,0.00410402415980049,0.00630037350108115,0.0264233641214529,0.0210047313619282,0.0301176331013846,0.0355180651667986,-0.0065587689805845,0.0362459445018415,0.0369983017133018,0.0324712469216846,0.0198678427092245,0.0290471785057753,0.0262003466554832,0.0205765657902892,0.0200118636287552,0.00973662864180347
"68",2022 Q4,0.0131632920146949,0.0221713858985237,-0.00548192632475086,0.0177837538822301,0.0151729467878647,-0.016862915604299,0.0220092941331236,0.0326051916385064,0.0265726272171969,-0.00880808241966435,0.0411196975039168,0.0245751386207504,0.0260716271723436,0.0277488014673604,0.0098889555736148,0.00730301556114532,-0.0119181998311515,0.0210112501001407,0.0171222334805881,-0.00673159001456658,0.0246562805499513,0.0152455526331035,0.0164697916118677,0.0169475339242946,0.0136041457960259,0.0149968616626042,0.0228483084149982,0.0193959448042804,0.0364055221052304,0.0187715550105387,-0.00870637266028995,0.010799627146187,0.0349121267693473,-0.0149375283246029,0.0215546813712113,0.0301914276437232,-0.00817661302359007,0.0197630946623371,0.00764225983214328,0.00481416864435724,-0.000858084114697788,0.0337675050442496,-0.0147415014865759,0.0250146575984991,0.0508073580969173,0.0213720923211969,0.0272470077443174,0.0197409072082448,0.024252888572605,0.0414028698643256,0.00228543042518248,0.0262921078280838
"69",2023 Q1,0.0228080908150849,0.0270434158608641,0.0505110416142445,0.0308183132420907,0.0270300496630804,0.00979635647748811,0.0304802639595272,0.023517129432238,-0.00615179625437812,-0.00867346588843698,0.0551811656505257,0.018996291076228,0.0190715664176504,0.0340862892985792,0.00341579352150467,0.00703527743835064,-0.0201280167818667,0.0150949152523361,0.0267260097027247,0.0351252921302594,0.0198086155942034,0.0135984087739778,0.0113750120976446,0.0133681068681051,0.0176381831110493,0.020151367494093,0.0237666692114902,0.00650786225884525,0.0339871935862786,0.0257099401714032,0.0265634702386233,0.0199436857910149,0.0531318447087186,-0.00172888341871213,0.0210125612178158,0.0569295641090817,0.00864511490177655,0.060584171775542,0.0171904281671171,0.0233602586571491,0.0204940989500559,0.0318901560406648,0.0198320246210488,0.0188264273774963,0.0659756206762987,0.0262855988464548,0.009237901990369,0.0258115794406666,0.0399110892121086,0.0435718960549076,0.0041147516560931,0.0215454804080983
"70",2023 Q2,0.0282946173910734,0.0306978355417271,0.0692434882254744,0.0307252312067405,0.0279439211080306,0.0148739869841767,0.0544370266010665,0.0309334793320557,0.0117168448665808,0.015465059753728,0.042352365512581,0.015930085235722,0.0254038972665327,0.0298292543553855,0.009706174017303,0.00607665662367585,-0.0084069036824943,0.0411084109826174,0.0161258057092861,0.0462983797183425,0.0231042101858097,0.0106556247280349,0.0120183596654504,0.0203951615518172,0.0127758353782008,0.0292050018317931,0.0256419949838327,0.0369936604119459,0.0429590894354028,0.0151934663330942,0.0190549122355992,0.0156889363866148,0.0902021864984757,0.015500450257518,0.0262895655407485,0.0952786056205435,0.0170938520467718,0.0859559444252256,0.020359439579575,0.0237126835337951,-0.00516589207435447,0.0254349705372796,0.0261809739091561,0.0176982991698675,0.0816948338525509,0.0346259920492775,0.0117246661407076,0.0333274388590008,0.0525550497961722,0.0721839262604653,0.0082351996637442,0.0805057558029816
"71",2023 Q3,0.0323630756525282,0.0285040856385996,0.0816968319542923,0.030924246779632,0.0206872981962425,0.0239799220053891,0.0481137189149659,0.0277059059058342,0.0200954455856417,0.012773428377612,0.0363291664681253,0.0216697035482702,0.0176176153192662,0.0333610939472906,0.0144917164878484,0.0140060876058972,0.00919284445647683,0.0430241814126311,0.0240238468739549,0.0549914962256064,0.0432558248629584,0.0192782552515189,0.019321534142773,0.0235106826867892,0.012696767406422,0.0286964959642866,0.0264195074423628,0.0595071991316671,0.0377410072147317,0.0291190687600835,0.0194799684961251,0.024610554136167,0.0689819357350909,0.0236398902946864,0.0376412774344195,0.0902395193519834,0.0280177809996973,0.0787635863767897,0.0313057029650528,0.0258845759359361,0.0239696720065903,0.0342833348755436,0.0423177142277695,0.0203528803723527,0.0817720426801363,0.044580579808017,0.0163569310868465,0.025806504663086,0.0558692784627788,0.0384784338856214,0.0159165653637761,0.088895768723678
"72",2023 Q4,0.0319621704060309,0.0277586547449133,0.0579845104719159,0.0262683534899117,0.0190555891003978,0.0326068389194345,0.0412417663303859,0.0275499945322615,0.0191213730993971,0.0213153164029136,0.0372411833523576,0.0186507906506785,0.0174597662543194,0.0316547705769226,0.0139915887820703,0.0229901639376995,0.0290794846245801,0.043448312968192,0.0180729375661748,0.0619402014190737,0.0321218617038552,0.0184782974610755,0.00641627697913205,0.020209952565079,0.0211444401774836,0.024628857855167,0.0281775558418931,0.0558339285487104,0.045334705163655,0.0337451165177611,0.0246826761125869,0.0236996175724811,0.0600327055033516,0.0218678346677643,0.0346223486993713,0.069395566220247,0.0299541265422461,0.0633365804108381,0.0231497826240454,0.0289542496790207,0.0250213902627352,0.030868083938679,0.0579108307729426,0.0166517471130903,0.0665091379612683,0.0418297598346999,0.0183246371528174,0.033005279333687,0.0573837716629502,0.0336862234293156,0.0284360885345143,0.0622302130195067
"73",2024 Q1,0.0290183179499037,0.0238053673037493,0.0400562700200557,0.0246575558509603,0.0264978035002081,0.0339289064591239,0.0255595642660957,0.0302831998035011,0.0286678636110611,0.015701235121395,0.0340558713938004,0.0365895312355127,0.018334084994087,0.0323967161658951,0.0071848695580532,0.0379637681250085,0.00455602232114871,0.0128461746277555,0.0179710009723753,0.0415486230340194,0.0340321468585709,0.0209034143419722,0.0286834228591264,0.0175768733323236,0.0138937090586828,0.0184430566200322,0.0208602400765803,0.0264445080596993,0.0070759168776533,0.0332872714357386,0.030791880716702,0.0219720190632136,0.0411707941683626,0.0234406233247662,0.0341329942146904,0.0235279268338444,0.0268627064174218,0.0398240381438364,0.00786130798833007,0.0228290383261911,0.0310316986695685,0.04041148485327,0.0101585745914006,0.0183258824107499,0.047762369815991,0.0464932327921312,0.0202284326473099,0.0334319393526297,0.0507991320904571,0.0391032875768857,0.0262378944343853,0.0237660897602952
"74",2024 Q2,0.0303684860008364,0.0277181865503715,0.0116702514277238,0.0262087551108532,0.0323629152108518,0.0393043195201714,0.0162302904317109,0.0267068073318135,0.0200192312142147,0.00632557911167742,0.04161884684976,0.0347363352984211,0.0171952660714387,0.0462527862331392,0.0127267320979265,0.0401379379732374,0.00807963632863573,0.0178578176626287,0.0265964626843651,0.0396169048713768,0.0329559765279601,0.0248454197378627,0.0292157507037296,0.0195467845601689,0.014739012906779,0.0204728931037261,0.0229287419024888,0.0266476096945039,0.0139165725671615,0.0337253745258481,0.0297891709509153,0.0261594692115421,0.0167370755448506,0.0266326931701129,0.0444385481731704,-0.00604147552440593,0.0277511328539986,0.0203666478550681,0.0161902088406374,0.0253037448631244,0.039045268857762,0.049256158752887,0.0124807211942144,0.0253574749088135,0.0386506337712853,0.0476731443877645,0.0221900311349159,0.0303254324833273,0.0421189347036253,0.0237190271971939,0.0332616467728166,0.00836344038803172
"75",2024 Q3,0.0271876924443788,0.034975989014252,0.000521627477730435,0.0278445806998449,0.0444706739424336,0.0361556989845786,0.0170915290132072,0.0281365016550372,0.0163790210216928,0.0178588830494679,0.0381903344973513,0.0327675636815601,0.02121601162447,0.0456053326677899,0.0119408824452758,0.0382738562484179,-0.0119636854243497,0.00576726525482907,0.0242919985163974,0.0282026051935143,0.0288560727492027,0.0198493699295659,0.0306299263046319,0.0219256669349739,0.00801109698865843,0.0282577545691907,0.0250810211162402,0.0128195144574288,0.00123144429549726,0.0254637929769947,0.0349503125937007,0.0220229775645076,0.0198072650682364,0.0189746575236602,0.0380015350530565,-0.0214281848285499,0.022786579768024,0.0176053502270483,0.0117845571892712,0.0252216291240108,0.0246848394907444,0.040443687947564,-0.000703587951099816,0.0267822828025646,0.0311629169650638,0.0428569669398662,0.0326683362741191,0.0327246414422504,0.0339530625719933,0.0460365724693759,0.0307963486839253,-0.00482605136350045
"76",2024 Q4,0.0253368378875116,0.0325529576089849,0.00947976120186311,0.0288537754195139,0.0462543953629873,0.0339885526711861,0.016737154358327,0.0183146813031234,0.0191432455502514,0.0148366239072086,0.031134166064223,0.0308880612295239,0.0184459066290676,0.0304170351794328,0.0118964680418567,0.0339073778361161,-0.018964338687008,0.00562042474383406,0.0285334231039243,0.0168969752560935,0.0256899427276733,0.0226390130671181,0.0291774614165774,0.0258821726685132,0.00846711547765655,0.0293949391296429,0.0248095140369058,0.0142647630916684,0.00241620188101477,0.0206544754474589,0.0342798135988138,0.0207458161191423,0.012786146976635,0.0277770938610302,0.033245786142736,-0.0234203134541014,0.0210158757608865,0.0163213157866171,0.0129518373810116,0.023240396707213,0.0320985256853981,0.0381616597281376,-0.00612300255182696,0.0259361643470808,0.0265680565834432,0.0449993933156478,0.0163615311036902,0.0271731485199922,0.0203502266184115,0.0327151835255379,0.0201875088682575,0.00375262095588957
"77",2025 Q1,0.0199176308893056,0.0354243026013856,0.00802586701662933,0.0220833291550364,0.0353037879213043,0.0178430216036869,0.0200467134769811,0.0166841576420675,0.0238217730472128,0.0175503965102197,0.0258023924391233,0.0222249889347528,0.0146439360472639,0.0235292075801474,0.0107872948361623,0.0201431272957311,-0.00739598583517909,0.0128114286649377,0.0217327705471304,0.0158580634180705,0.0156967900565725,0.0176213511508716,0.0129004958597783,0.0234363817751899,0.00934489704491703,0.0311349504057858,0.0216468156516043,0.00297142030791919,-0.00150358883277513,0.0109492562202116,0.0231090125463296,0.0163099453123572,0.0122043429764476,0.0198618880988792,0.0280824528293224,-0.00484605283330775,0.0206980340641734,0.0187034142351705,0.0139781091282321,0.0251761874139722,0.0193171371885068,0.0318163467047432,-0.00304327417212991,0.0219498026539242,0.0260305456094019,0.0343337103945509,0.0193136360446347,0.0232243000019385,0.0155126067590972,0.019035408666203,0.0213417715213444,0.014529573246818
